time_s,path_a_quic_wire_mbps,path_b_quic_wire_mbps,total_quic_wire_mbps
0.0,0.02784,0.02784,0.05568
1.0,0.03084,0.03084,0.06168
2.0,0.065216,0.026752,0.091968
3.0,0.087848,0.04056,0.128408
4.0,0.0,0.0,0.0
5.0,0.006912,0.006912,0.013824
6.0,0.041472,0.041472,0.082944
7.0,0.008536,0.008536,0.017072
8.0,0.0,0.0,0.0
9.0,0.0,0.0,0.0
10.0,0.11804,0.01628,0.13432
11.0,10.043952,0.180624,10.224576
12.0,21.071848,1.393256,22.465104
13.0,20.472512,1.604128,22.07664
14.0,20.726224,1.034624,21.760848
15.0,21.361272,1.581248,22.94252
16.0,21.437232,1.603096,23.040328
17.0,20.732408,1.608512,22.34092
18.0,21.170976,1.62296,22.793936
19.0,21.453424,1.587776,23.0412
20.0,21.370256,1.645832,23.016088
21.0,20.810352,1.64524,22.455592
22.0,21.508864,1.660592,23.169456
23.0,21.488768,1.67176,23.160528
24.0,21.1322,1.642856,22.775056
25.0,20.957296,1.687384,22.64468
26.0,21.363704,1.700984,23.064688
27.0,21.43224,1.702112,23.134352
28.0,21.306968,1.725624,23.032592
29.0,21.1644,1.712672,22.877072
30.0,21.562448,1.555568,23.118016
31.0,21.3896,1.355504,22.745104
32.0,21.020352,1.734944,22.755296
33.0,21.501144,1.767424,23.268568
34.0,21.552264,1.777688,23.329952
35.0,21.576888,1.778264,23.355152
36.0,21.037256,1.780064,22.81732
37.0,21.586704,1.79064,23.377344
38.0,20.712456,1.798496,22.510952
39.0,21.531824,1.767776,23.2996
40.0,21.102568,1.825432,22.928
41.0,21.70284,1.864152,23.566992
42.0,21.627672,1.855072,23.482744
43.0,21.431704,1.872616,23.30432
44.0,21.345152,1.875848,23.221
45.0,21.695248,1.843904,23.539152
46.0,21.70608,1.387632,23.093712
47.0,21.338272,1.860032,23.198304
48.0,21.469816,1.930664,23.40048
49.0,21.727176,1.95432,23.681496
50.0,21.764952,1.971952,23.736904
51.0,21.086248,1.939168,23.025416
52.0,21.775232,1.994312,23.769544
53.0,21.760424,2.00476,23.765184
54.0,21.675264,1.988776,23.66404
55.0,21.222528,2.018272,23.2408
56.0,21.848328,2.00984,23.858168
57.0,21.774584,2.00664,23.781224
58.0,21.503712,2.027752,23.531464
59.0,21.503168,2.027304,23.530472
60.0,21.844512,1.670704,23.515216
61.0,21.887896,1.581064,23.46896
62.0,21.152752,0.377672,21.530424
63.0,21.911208,0.38052,22.291728
64.0,21.877112,0.36776,22.244872
65.0,21.786184,0.366472,22.152656
66.0,21.381976,0.36596,21.747936
67.0,22.011824,0.374584,22.386408
68.0,22.020168,0.375232,22.3954
69.0,21.60932,0.377104,21.986424
70.0,21.740352,0.375952,22.116304
71.0,22.099088,0.375768,22.474856
72.0,22.12568,0.37472,22.5004
73.0,21.358856,0.375232,21.734088
74.0,22.206752,0.375256,22.582008
75.0,22.2176,0.375336,22.592936
76.0,21.951544,0.374616,22.32616
77.0,21.732784,0.37472,22.107504
78.0,22.321656,0.374,22.695656
79.0,22.296776,0.37464,22.671416
80.0,21.637296,0.374616,22.011912
81.0,22.254064,0.373488,22.627552
82.0,22.408864,0.374648,22.783512
83.0,22.19408,0.362136,22.556216
84.0,21.800864,0.356712,22.157576
85.0,22.526624,0.354864,22.881488
86.0,22.521384,0.356096,22.87748
87.0,21.881176,0.356072,22.237248
88.0,22.301984,0.35548,22.657464
89.0,22.623944,0.35548,22.979424
90.0,22.269248,0.35548,22.624728
91.0,21.991824,0.354864,22.346688
92.0,22.72564,0.356096,23.081736
93.0,22.60972,0.356096,22.965816
94.0,22.014032,0.354248,22.36828
95.0,22.57208,0.353632,22.925712
96.0,22.831264,0.357248,23.188512
97.0,22.392608,0.35484,22.747448
98.0,22.237144,0.354248,22.591392
99.0,22.861288,0.354248,23.215536
100.0,22.78168,0.355512,23.137192
101.0,21.993504,0.353632,22.347136
102.0,22.982448,0.354864,23.337312
103.0,22.964656,0.353016,23.317672
104.0,22.420288,0.353632,22.77392
105.0,22.578552,0.354248,22.9328
106.0,23.096432,0.3524,23.448832
107.0,22.91272,0.353608,23.266328
108.0,22.1786,0.353632,22.532232
109.0,23.229624,0.353632,23.583256
110.0,23.047824,0.354248,23.402072
111.0,22.457944,0.3524,22.810344
112.0,22.92076,0.353016,23.273776
113.0,23.187448,0.353016,23.540464
114.0,22.50296,0.347472,22.850432
115.0,22.758216,0.351168,23.109384
116.0,23.398696,0.351144,23.74984
117.0,22.978256,0.3524,23.330656
118.0,22.579376,0.353472,22.932848
119.0,23.454064,0.367584,23.821648
120.0,23.302176,0.36792,23.670096
121.0,22.48208,0.370304,22.852384
122.0,23.45224,0.36792,23.82016
123.0,23.485056,0.368536,23.853592
124.0,22.741104,0.36792,23.109024
125.0,23.187944,0.367304,23.555248
126.0,23.60628,0.368536,23.974816
127.0,23.024312,0.36716,23.391472
128.0,22.978512,0.367304,23.345816
129.0,23.727584,0.36784,24.095424
130.0,23.341888,0.36792,23.709808
131.0,22.804312,0.366688,23.171
132.0,23.817432,0.366048,24.18348
133.0,23.56844,0.366688,23.935128
134.0,22.693376,0.366072,23.059448
135.0,23.907976,0.366072,24.274048
136.0,23.700712,0.366688,24.0674
137.0,23.093408,0.36492,23.458328
138.0,23.370224,0.362968,23.733192
139.0,23.873832,0.366072,24.239904
140.0,23.133792,0.366688,23.50048
141.0,23.591624,0.364304,23.955928
142.0,23.394248,0.357424,23.751672
143.0,22.56528,0.340144,22.905424
144.0,23.831104,0.347472,24.178576
145.0,23.965568,0.348088,24.313656
146.0,23.262512,0.348088,23.6106
147.0,23.82648,0.348064,24.174544
148.0,24.097144,0.348088,24.445232
149.0,23.413816,0.346856,23.760672
150.0,23.72796,0.347472,24.075432
151.0,24.128456,0.34932,24.477776
152.0,23.420952,0.345624,23.766576
153.0,23.642072,0.345008,23.98708
154.0,24.218064,0.346216,24.56428
155.0,23.59684,0.347472,23.944312
156.0,23.739712,0.34624,24.085952
157.0,24.369656,0.345624,24.71528
158.0,23.852336,0.34624,24.198576
159.0,23.60072,0.347472,23.948192
160.0,24.42032,0.345624,24.765944
161.0,24.027496,0.344984,24.37248
162.0,23.562776,0.346856,23.909632
163.0,24.464776,0.345624,24.8104
164.0,24.061776,0.344392,24.406168
165.0,23.629712,0.34624,23.975952
166.0,24.623608,0.345624,24.969232
167.0,24.144856,0.345008,24.489864
168.0,23.725544,0.346832,24.072376
169.0,24.696544,0.345008,25.041552
170.0,24.205872,0.343776,24.549648
171.0,23.788384,0.344392,24.132776
172.0,24.77552,0.34624,25.12176
173.0,24.188856,0.341312,24.530168
174.0,23.746488,0.343136,24.089624
175.0,24.659168,0.341312,25.00048
176.0,24.041688,0.341928,24.383616
177.0,24.101888,0.344392,24.44628
178.0,24.909288,0.34316,25.252448
179.0,24.070016,0.345008,24.415024
180.0,24.304504,0.344392,24.648896
181.0,24.959864,0.34252,25.302384
182.0,23.996648,0.344392,24.34104
183.0,24.4836,0.342544,24.826144
184.0,24.959296,0.340696,25.299992
185.0,23.941864,0.34316,24.285024
186.0,24.71116,0.342544,25.053704
187.0,25.069648,0.341904,25.411552
188.0,23.878904,0.345008,24.223912
189.0,24.87188,0.340696,25.212576
190.0,25.073528,0.355048,25.428576
191.0,24.065664,0.35812,24.423784
192.0,25.063024,0.36376,25.426784
193.0,25.446992,0.33536,25.782352
194.0,25.515608,0.335464,25.851072
195.0,24.950464,0.33844,25.288904
196.0,24.739224,0.337312,25.076536
197.0,25.358944,0.33844,25.697384
198.0,25.569648,0.335464,25.905112
199.0,25.662416,0.33544,25.997856
200.0,25.135824,0.334744,25.470568
201.0,24.922048,0.33608,25.258128
202.0,25.443104,0.33544,25.778544
203.0,25.72172,0.33292,26.05464
204.0,25.757912,0.334824,26.092736
205.0,25.453664,0.336056,25.78972
206.0,24.866504,0.336592,25.203096
207.0,25.600648,0.332384,25.933032
208.0,25.921008,0.334208,26.255216
209.0,25.932296,0.33236,26.264656
210.0,25.627712,0.33536,25.963072
211.0,24.928224,0.336696,25.26492
212.0,25.7776,0.33236,26.10996
213.0,25.9002,0.332976,26.233176
214.0,26.0806,0.33236,26.41296
215.0,25.639232,0.333512,25.972744
216.0,25.22864,0.333616,25.562256
217.0,25.832176,0.334208,26.166384
218.0,26.079928,0.33236,26.412288
219.0,26.116176,0.33236,26.448536
220.0,25.657184,0.33236,25.989544
221.0,25.364016,0.334152,25.698168
222.0,25.972896,0.331744,26.30464
223.0,26.200664,0.33236,26.533024
224.0,26.086912,0.331128,26.41804
225.0,9.12844,0.125216,9.253656
