run_order,candidate_id,replicate,alpha,beta,gamma,intervention_s,seed,is_sham
1,a0.6_b0.1_g0.2,1,0.6,0.1,0.2,65,20260730,0
2,a0.8_b0.3_g0.1,3,0.8,0.3,0.1,70,20260730,0
3,a0.7_b0.3_g0.3,5,0.7,0.3,0.3,75,20260730,0
4,a0.6_b0.1_g0.3,1,0.6,0.1,0.3,65,20260730,0
5,a0.7_b0.3_g0.3,3,0.7,0.3,0.3,70,20260730,0
6,a0.6_b0.2_g0.2,4,0.6,0.2,0.2,75,20260730,0
7,a0.8_b0.1_g0.3,1,0.8,0.1,0.3,65,20260730,0
8,a0.7_b0.1_g0.3,1,0.7,0.1,0.3,70,20260730,0
9,a0.7_b0.1_g0.1,2,0.7,0.1,0.1,75,20260730,0
10,a0.8_b0.3_g0.2,5,0.8,0.3,0.2,65,20260730,0
11,a0.8_b0.1_g0.2,4,0.8,0.1,0.2,70,20260730,0
12,a0.8_b0.3_g0.3,1,0.8,0.3,0.3,75,20260730,0
13,a0.8_b0.1_g0.1,5,0.8,0.1,0.1,65,20260730,0
14,a0.7_b0.2_g0.2,1,0.7,0.2,0.2,70,20260730,0
15,a0.8_b0.3_g0.1,5,0.8,0.3,0.1,75,20260730,0
16,a0.7_b0.1_g0.2,5,0.7,0.1,0.2,65,20260730,0
17,a0.8_b0.2_g0.1,1,0.8,0.2,0.1,70,20260730,0
18,a0.8_b0.3_g0.2,2,0.8,0.3,0.2,75,20260730,0
19,a0.6_b0.2_g0.1,1,0.6,0.2,0.1,65,20260730,0
20,a0.6_b0.3_g0.2,5,0.6,0.3,0.2,70,20260730,0
21,a0.7_b0.3_g0.2,3,0.7,0.3,0.2,75,20260730,0
22,a0.6_b0.1_g0.2,5,0.6,0.1,0.2,65,20260730,0
23,a0.7_b0.2_g0.1,2,0.7,0.2,0.1,70,20260730,0
24,a0.8_b0.1_g0.2,3,0.8,0.1,0.2,75,20260730,0
25,a0.8_b0.3_g0.2,3,0.8,0.3,0.2,65,20260730,0
26,a0.6_b0.2_g0.1,2,0.6,0.2,0.1,70,20260730,0
27,a0.6_b0.3_g0.1,5,0.6,0.3,0.1,75,20260730,1
28,a0.8_b0.1_g0.2,1,0.8,0.1,0.2,65,20260730,0
29,a0.6_b0.2_g0.2,1,0.6,0.2,0.2,70,20260730,0
30,a0.8_b0.2_g0.2,1,0.8,0.2,0.2,75,20260730,0
31,a0.8_b0.3_g0.3,3,0.8,0.3,0.3,65,20260730,0
32,a0.7_b0.2_g0.2,4,0.7,0.2,0.2,70,20260730,0
33,a0.6_b0.3_g0.2,1,0.6,0.3,0.2,75,20260730,0
34,a0.6_b0.3_g0.1,3,0.6,0.3,0.1,65,20260730,1
35,a0.7_b0.2_g0.3,2,0.7,0.2,0.3,70,20260730,0
36,a0.6_b0.1_g0.2,4,0.6,0.1,0.2,75,20260730,0
37,a0.6_b0.3_g0.1,1,0.6,0.3,0.1,65,20260730,1
38,a0.8_b0.1_g0.3,4,0.8,0.1,0.3,70,20260730,0
39,a0.8_b0.2_g0.3,3,0.8,0.2,0.3,75,20260730,0
40,a0.8_b0.3_g0.1,4,0.8,0.3,0.1,65,20260730,0
41,a0.7_b0.1_g0.1,3,0.7,0.1,0.1,70,20260730,0
42,a0.8_b0.3_g0.1,1,0.8,0.3,0.1,75,20260730,0
43,a0.6_b0.3_g0.1,4,0.6,0.3,0.1,65,20260730,1
44,a0.6_b0.2_g0.1,3,0.6,0.2,0.1,70,20260730,0
45,a0.7_b0.3_g0.1,3,0.7,0.3,0.1,75,20260730,0
46,a0.6_b0.1_g0.1,2,0.6,0.1,0.1,65,20260730,0
47,a0.8_b0.1_g0.1,1,0.8,0.1,0.1,70,20260730,0
48,a0.7_b0.3_g0.1,5,0.7,0.3,0.1,75,20260730,0
49,a0.7_b0.2_g0.3,1,0.7,0.2,0.3,65,20260730,0
50,a0.7_b0.2_g0.3,4,0.7,0.2,0.3,70,20260730,0
51,a0.6_b0.2_g0.3,2,0.6,0.2,0.3,75,20260730,0
52,a0.6_b0.1_g0.1,3,0.6,0.1,0.1,65,20260730,0
53,a0.7_b0.3_g0.2,4,0.7,0.3,0.2,70,20260730,0
54,a0.7_b0.2_g0.2,3,0.7,0.2,0.2,75,20260730,0
55,a0.6_b0.2_g0.3,5,0.6,0.2,0.3,65,20260730,0
56,a0.7_b0.2_g0.1,4,0.7,0.2,0.1,70,20260730,0
57,a0.7_b0.3_g0.3,1,0.7,0.3,0.3,75,20260730,0
58,a0.7_b0.1_g0.2,4,0.7,0.1,0.2,65,20260730,0
59,a0.7_b0.3_g0.2,5,0.7,0.3,0.2,70,20260730,0
60,a0.7_b0.2_g0.3,5,0.7,0.2,0.3,75,20260730,0
61,a0.8_b0.1_g0.1,4,0.8,0.1,0.1,65,20260730,0
62,a0.7_b0.1_g0.3,2,0.7,0.1,0.3,70,20260730,0
63,a0.8_b0.2_g0.2,4,0.8,0.2,0.2,75,20260730,0
64,a0.7_b0.1_g0.3,4,0.7,0.1,0.3,65,20260730,0
65,a0.6_b0.2_g0.1,5,0.6,0.2,0.1,70,20260730,0
66,a0.6_b0.2_g0.2,5,0.6,0.2,0.2,75,20260730,0
67,a0.7_b0.3_g0.1,2,0.7,0.3,0.1,65,20260730,0
68,a0.8_b0.2_g0.2,2,0.8,0.2,0.2,70,20260730,0
69,a0.6_b0.2_g0.2,3,0.6,0.2,0.2,75,20260730,0
70,a0.7_b0.2_g0.2,2,0.7,0.2,0.2,65,20260730,0
71,a0.8_b0.2_g0.2,3,0.8,0.2,0.2,70,20260730,0
72,a0.7_b0.1_g0.2,1,0.7,0.1,0.2,75,20260730,0
73,a0.6_b0.1_g0.2,3,0.6,0.1,0.2,65,20260730,0
74,a0.8_b0.1_g0.3,2,0.8,0.1,0.3,70,20260730,0
75,a0.6_b0.1_g0.1,4,0.6,0.1,0.1,75,20260730,0
76,a0.7_b0.2_g0.1,5,0.7,0.2,0.1,65,20260730,0
77,a0.6_b0.1_g0.3,4,0.6,0.1,0.3,70,20260730,0
78,a0.6_b0.1_g0.1,1,0.6,0.1,0.1,75,20260730,0
79,a0.7_b0.1_g0.3,5,0.7,0.1,0.3,65,20260730,0
80,a0.8_b0.2_g0.3,1,0.8,0.2,0.3,70,20260730,0
81,a0.8_b0.3_g0.2,4,0.8,0.3,0.2,75,20260730,0
82,a0.6_b0.3_g0.3,5,0.6,0.3,0.3,65,20260730,0
83,a0.8_b0.1_g0.3,3,0.8,0.1,0.3,70,20260730,0
84,a0.7_b0.2_g0.2,5,0.7,0.2,0.2,75,20260730,0
85,a0.6_b0.3_g0.1,2,0.6,0.3,0.1,65,20260730,1
86,a0.6_b0.1_g0.1,5,0.6,0.1,0.1,70,20260730,0
87,a0.6_b0.3_g0.2,2,0.6,0.3,0.2,75,20260730,0
88,a0.7_b0.3_g0.2,1,0.7,0.3,0.2,65,20260730,0
89,a0.8_b0.2_g0.1,5,0.8,0.2,0.1,70,20260730,0
90,a0.6_b0.3_g0.3,4,0.6,0.3,0.3,75,20260730,0
91,a0.7_b0.2_g0.1,1,0.7,0.2,0.1,65,20260730,0
92,a0.8_b0.1_g0.3,5,0.8,0.1,0.3,70,20260730,0
93,a0.6_b0.2_g0.3,1,0.6,0.2,0.3,75,20260730,0
94,a0.6_b0.1_g0.3,3,0.6,0.1,0.3,65,20260730,0
95,a0.8_b0.1_g0.2,5,0.8,0.1,0.2,70,20260730,0
96,a0.7_b0.2_g0.3,3,0.7,0.2,0.3,75,20260730,0
97,a0.6_b0.3_g0.3,3,0.6,0.3,0.3,65,20260730,0
98,a0.6_b0.1_g0.3,5,0.6,0.1,0.3,70,20260730,0
99,a0.6_b0.2_g0.3,4,0.6,0.2,0.3,75,20260730,0
100,a0.8_b0.2_g0.2,5,0.8,0.2,0.2,65,20260730,0
101,a0.8_b0.3_g0.3,2,0.8,0.3,0.3,70,20260730,0
102,a0.6_b0.1_g0.3,2,0.6,0.1,0.3,75,20260730,0
103,a0.8_b0.2_g0.3,2,0.8,0.2,0.3,65,20260730,0
104,a0.8_b0.2_g0.1,2,0.8,0.2,0.1,70,20260730,0
105,a0.6_b0.3_g0.2,3,0.6,0.3,0.2,75,20260730,0
106,a0.8_b0.3_g0.3,4,0.8,0.3,0.3,65,20260730,0
107,a0.6_b0.3_g0.2,4,0.6,0.3,0.2,70,20260730,0
108,a0.8_b0.2_g0.3,5,0.8,0.2,0.3,75,20260730,0
109,a0.7_b0.1_g0.1,5,0.7,0.1,0.1,65,20260730,0
110,a0.6_b0.3_g0.3,2,0.6,0.3,0.3,70,20260730,0
111,a0.7_b0.1_g0.1,4,0.7,0.1,0.1,75,20260730,0
112,a0.8_b0.3_g0.1,2,0.8,0.3,0.1,65,20260730,0
113,a0.6_b0.1_g0.2,2,0.6,0.1,0.2,70,20260730,0
114,a0.8_b0.3_g0.2,1,0.8,0.3,0.2,75,20260730,0
115,a0.8_b0.1_g0.2,2,0.8,0.1,0.2,65,20260730,0
116,a0.7_b0.1_g0.2,2,0.7,0.1,0.2,70,20260730,0
117,a0.7_b0.3_g0.1,4,0.7,0.3,0.1,75,20260730,0
118,a0.6_b0.2_g0.2,2,0.6,0.2,0.2,65,20260730,0
119,a0.7_b0.2_g0.1,3,0.7,0.2,0.1,70,20260730,0
120,a0.7_b0.3_g0.3,4,0.7,0.3,0.3,75,20260730,0
121,a0.7_b0.1_g0.1,1,0.7,0.1,0.1,65,20260730,0
122,a0.8_b0.1_g0.1,2,0.8,0.1,0.1,70,20260730,0
123,a0.8_b0.2_g0.3,4,0.8,0.2,0.3,75,20260730,0
124,a0.6_b0.2_g0.3,3,0.6,0.2,0.3,65,20260730,0
125,a0.7_b0.1_g0.2,3,0.7,0.1,0.2,70,20260730,0
126,a0.8_b0.2_g0.1,3,0.8,0.2,0.1,75,20260730,0
127,a0.8_b0.1_g0.1,3,0.8,0.1,0.1,65,20260730,0
128,a0.6_b0.2_g0.1,4,0.6,0.2,0.1,70,20260730,0
129,a0.8_b0.3_g0.3,5,0.8,0.3,0.3,75,20260730,0
130,a0.7_b0.3_g0.1,1,0.7,0.3,0.1,65,20260730,0
131,a0.8_b0.2_g0.1,4,0.8,0.2,0.1,70,20260730,0
132,a0.6_b0.3_g0.3,1,0.6,0.3,0.3,75,20260730,0
133,a0.7_b0.3_g0.2,2,0.7,0.3,0.2,65,20260730,0
134,a0.7_b0.1_g0.3,3,0.7,0.1,0.3,70,20260730,0
135,a0.7_b0.3_g0.3,2,0.7,0.3,0.3,75,20260730,0
