second,pathA_quic_mbps,pathB_quic_mbps,total_quic_mbps,session_key,session_label,role,global_t0,run_id
0,0.024248,0.041664,0.065912,gate_1pct,1% debug,dynamic,1780864826.796854,20260607_204025
1,0.030952,0.03084,0.061792,gate_1pct,1% debug,dynamic,1780864826.796854,20260607_204025
2,0.03408,0.026752,0.060832,gate_1pct,1% debug,dynamic,1780864826.796854,20260607_204025
3,0.120656,0.020088,0.140744,gate_1pct,1% debug,dynamic,1780864826.796854,20260607_204025
4,0.017408,0.008104,0.025512,gate_1pct,1% debug,dynamic,1780864826.796854,20260607_204025
5,0.0,0.0,0.0,gate_1pct,1% debug,dynamic,1780864826.796854,20260607_204025
6,0.013824,0.006912,0.020735999999999997,gate_1pct,1% debug,dynamic,1780864826.796854,20260607_204025
7,0.063,0.015448,0.078448,gate_1pct,1% debug,dynamic,1780864826.796854,20260607_204025
8,7.764368,0.175056,7.939424,gate_1pct,1% debug,dynamic,1780864826.796854,20260607_204025
9,20.659856,1.823096,22.482952,gate_1pct,1% debug,dynamic,1780864826.796854,20260607_204025
10,21.191056,1.994248,23.185304,gate_1pct,1% debug,dynamic,1780864826.796854,20260607_204025
11,21.337936,2.47668,23.814616,gate_1pct,1% debug,dynamic,1780864826.796854,20260607_204025
12,21.347,1.785184,23.132184000000002,gate_1pct,1% debug,dynamic,1780864826.796854,20260607_204025
13,21.196528,1.776784,22.973312,gate_1pct,1% debug,dynamic,1780864826.796854,20260607_204025
14,20.68624,1.784584,22.470824,gate_1pct,1% debug,dynamic,1780864826.796854,20260607_204025
15,21.219128,1.801296,23.020424000000002,gate_1pct,1% debug,dynamic,1780864826.796854,20260607_204025
16,21.428304,1.792736,23.221040000000002,gate_1pct,1% debug,dynamic,1780864826.796854,20260607_204025
17,21.454944,1.805072,23.260016,gate_1pct,1% debug,dynamic,1780864826.796854,20260607_204025
18,21.308288,1.80508,23.113368,gate_1pct,1% debug,dynamic,1780864826.796854,20260607_204025
19,21.431448,1.827928,23.259376,gate_1pct,1% debug,dynamic,1780864826.796854,20260607_204025
20,20.784968,2.094592,22.879559999999998,gate_1pct,1% debug,dynamic,1780864826.796854,20260607_204025
21,20.101744,2.161392,22.263136,gate_1pct,1% debug,dynamic,1780864826.796854,20260607_204025
22,20.121232,1.90764,22.028872,gate_1pct,1% debug,dynamic,1780864826.796854,20260607_204025
23,20.099992,1.881192,21.981184,gate_1pct,1% debug,dynamic,1780864826.796854,20260607_204025
24,20.13236,1.905816,22.038176,gate_1pct,1% debug,dynamic,1780864826.796854,20260607_204025
25,20.161824,1.938104,22.099928,gate_1pct,1% debug,dynamic,1780864826.796854,20260607_204025
26,20.1652,1.980816,22.146016,gate_1pct,1% debug,dynamic,1780864826.796854,20260607_204025
27,20.17308,2.001288,22.174367999999998,gate_1pct,1% debug,dynamic,1780864826.796854,20260607_204025
28,20.208472,2.02656,22.235032,gate_1pct,1% debug,dynamic,1780864826.796854,20260607_204025
29,20.216344,2.069856,22.2862,gate_1pct,1% debug,dynamic,1780864826.796854,20260607_204025
30,20.243152,2.102736,22.345888,gate_1pct,1% debug,dynamic,1780864826.796854,20260607_204025
31,20.241624,2.126632,22.368256000000002,gate_1pct,1% debug,dynamic,1780864826.796854,20260607_204025
32,20.230824,2.24748,22.478303999999998,gate_1pct,1% debug,dynamic,1780864826.796854,20260607_204025
33,20.258136,2.546992,22.805128,gate_1pct,1% debug,dynamic,1780864826.796854,20260607_204025
34,20.28672,2.434992,22.721712,gate_1pct,1% debug,dynamic,1780864826.796854,20260607_204025
35,20.307336,2.326664,22.634,gate_1pct,1% debug,dynamic,1780864826.796854,20260607_204025
36,20.296376,2.347712,22.644088,gate_1pct,1% debug,dynamic,1780864826.796854,20260607_204025
37,20.3188,2.311248,22.630048,gate_1pct,1% debug,dynamic,1780864826.796854,20260607_204025
38,20.256088,2.33724,22.593328,gate_1pct,1% debug,dynamic,1780864826.796854,20260607_204025
39,20.345672,2.345936,22.691608000000002,gate_1pct,1% debug,dynamic,1780864826.796854,20260607_204025
40,20.37288,2.39668,22.76956,gate_1pct,1% debug,dynamic,1780864826.796854,20260607_204025
41,20.369704,2.416384,22.786088,gate_1pct,1% debug,dynamic,1780864826.796854,20260607_204025
42,20.360256,2.448856,22.809112,gate_1pct,1% debug,dynamic,1780864826.796854,20260607_204025
43,20.358416,2.457392,22.815807999999997,gate_1pct,1% debug,dynamic,1780864826.796854,20260607_204025
44,20.38664,2.497848,22.884488,gate_1pct,1% debug,dynamic,1780864826.796854,20260607_204025
45,20.44056,2.531128,22.971688,gate_1pct,1% debug,dynamic,1780864826.796854,20260607_204025
46,20.438448,2.53,22.968448000000002,gate_1pct,1% debug,dynamic,1780864826.796854,20260607_204025
47,20.441312,2.566096,23.007407999999998,gate_1pct,1% debug,dynamic,1780864826.796854,20260607_204025
48,20.413104,2.617752,23.030856,gate_1pct,1% debug,dynamic,1780864826.796854,20260607_204025
49,20.414248,2.612976,23.027224,gate_1pct,1% debug,dynamic,1780864826.796854,20260607_204025
50,20.517968,2.624936,23.142904,gate_1pct,1% debug,dynamic,1780864826.796854,20260607_204025
51,20.518848,2.64612,23.164968,gate_1pct,1% debug,dynamic,1780864826.796854,20260607_204025
52,20.445832,2.682184,23.128016,gate_1pct,1% debug,dynamic,1780864826.796854,20260607_204025
53,20.414752,2.691424,23.106176,gate_1pct,1% debug,dynamic,1780864826.796854,20260607_204025
54,20.446784,2.711568,23.158352,gate_1pct,1% debug,dynamic,1780864826.796854,20260607_204025
55,20.567128,2.745592,23.31272,gate_1pct,1% debug,dynamic,1780864826.796854,20260607_204025
56,20.459088,2.771968,23.231056000000002,gate_1pct,1% debug,dynamic,1780864826.796854,20260607_204025
57,20.502592,2.793976,23.296568,gate_1pct,1% debug,dynamic,1780864826.796854,20260607_204025
58,20.491064,2.795864,23.286928000000003,gate_1pct,1% debug,dynamic,1780864826.796854,20260607_204025
59,20.41576,2.851776,23.267536,gate_1pct,1% debug,dynamic,1780864826.796854,20260607_204025
60,20.542696,2.857456,23.400152,gate_1pct,1% debug,dynamic,1780864826.796854,20260607_204025
61,20.535728,2.870688,23.406416,gate_1pct,1% debug,dynamic,1780864826.796854,20260607_204025
62,18.810472,2.779896,21.590368,gate_1pct,1% debug,dynamic,1780864826.796854,20260607_204025
63,20.471392,2.925536,23.396928000000003,gate_1pct,1% debug,dynamic,1780864826.796854,20260607_204025
64,18.917936,2.59152,21.509456,gate_1pct,1% debug,dynamic,1780864826.796854,20260607_204025
65,20.63872,2.960752,23.599472,gate_1pct,1% debug,dynamic,1780864826.796854,20260607_204025
66,20.605184,2.765208,23.370392000000002,gate_1pct,1% debug,dynamic,1780864826.796854,20260607_204025
67,20.678856,2.709784,23.38864,gate_1pct,1% debug,dynamic,1780864826.796854,20260607_204025
68,20.618208,2.851896,23.470104,gate_1pct,1% debug,dynamic,1780864826.796854,20260607_204025
69,20.69768,2.893528,23.591207999999998,gate_1pct,1% debug,dynamic,1780864826.796854,20260607_204025
70,20.736136,3.022656,23.758792,gate_1pct,1% debug,dynamic,1780864826.796854,20260607_204025
71,20.656968,3.056984,23.713952,gate_1pct,1% debug,dynamic,1780864826.796854,20260607_204025
72,20.74512,3.068936,23.814056,gate_1pct,1% debug,dynamic,1780864826.796854,20260607_204025
73,20.696056,3.099584,23.79564,gate_1pct,1% debug,dynamic,1780864826.796854,20260607_204025
74,20.73476,3.068904,23.803664,gate_1pct,1% debug,dynamic,1780864826.796854,20260607_204025
75,20.693384,0.459632,21.153015999999997,gate_1pct,1% debug,dynamic,1780864826.796854,20260607_204025
76,20.76588,0.456552,21.222431999999998,gate_1pct,1% debug,dynamic,1780864826.796854,20260607_204025
77,20.747376,0.445952,21.193327999999998,gate_1pct,1% debug,dynamic,1780864826.796854,20260607_204025
78,20.81292,0.44788,21.2608,gate_1pct,1% debug,dynamic,1780864826.796854,20260607_204025
79,20.773816,0.447264,21.22108,gate_1pct,1% debug,dynamic,1780864826.796854,20260607_204025
80,20.852264,0.445416,21.297680000000003,gate_1pct,1% debug,dynamic,1780864826.796854,20260607_204025
81,20.835768,0.44788,21.283648000000003,gate_1pct,1% debug,dynamic,1780864826.796854,20260607_204025
82,20.917736,0.446032,21.363768,gate_1pct,1% debug,dynamic,1780864826.796854,20260607_204025
83,20.898368,0.445416,21.343784000000003,gate_1pct,1% debug,dynamic,1780864826.796854,20260607_204025
84,20.94664,0.445416,21.392056,gate_1pct,1% debug,dynamic,1780864826.796854,20260607_204025
85,20.933648,0.445416,21.379064000000003,gate_1pct,1% debug,dynamic,1780864826.796854,20260607_204025
86,21.04672,0.445416,21.492136000000002,gate_1pct,1% debug,dynamic,1780864826.796854,20260607_204025
87,20.932832,0.445416,21.378248000000003,gate_1pct,1% debug,dynamic,1780864826.796854,20260607_204025
88,21.10268,0.444184,21.546864,gate_1pct,1% debug,dynamic,1780864826.796854,20260607_204025
89,21.04632,0.445416,21.491736000000003,gate_1pct,1% debug,dynamic,1780864826.796854,20260607_204025
90,21.12676,0.4448,21.57156,gate_1pct,1% debug,dynamic,1780864826.796854,20260607_204025
91,21.032888,0.4448,21.477688,gate_1pct,1% debug,dynamic,1780864826.796854,20260607_204025
92,21.145928,0.444184,21.590112,gate_1pct,1% debug,dynamic,1780864826.796854,20260607_204025
93,21.162704,0.443544,21.606248,gate_1pct,1% debug,dynamic,1780864826.796854,20260607_204025
94,21.231384,0.445416,21.6768,gate_1pct,1% debug,dynamic,1780864826.796854,20260607_204025
95,21.181944,0.442336,21.624280000000002,gate_1pct,1% debug,dynamic,1780864826.796854,20260607_204025
96,21.20948,0.443568,21.653048,gate_1pct,1% debug,dynamic,1780864826.796854,20260607_204025
97,21.270312,0.444184,21.714496,gate_1pct,1% debug,dynamic,1780864826.796854,20260607_204025
98,21.318192,0.444184,21.762376,gate_1pct,1% debug,dynamic,1780864826.796854,20260607_204025
99,21.307544,0.443568,21.751112,gate_1pct,1% debug,dynamic,1780864826.796854,20260607_204025
100,21.296256,0.442336,21.738592,gate_1pct,1% debug,dynamic,1780864826.796854,20260607_204025
101,21.371512,0.442336,21.813848,gate_1pct,1% debug,dynamic,1780864826.796854,20260607_204025
102,21.435864,0.442336,21.8782,gate_1pct,1% debug,dynamic,1780864826.796854,20260607_204025
103,21.418648,0.441104,21.859752,gate_1pct,1% debug,dynamic,1780864826.796854,20260607_204025
104,21.418768,0.442336,21.861104,gate_1pct,1% debug,dynamic,1780864826.796854,20260607_204025
105,21.44984,0.44172,21.89156,gate_1pct,1% debug,dynamic,1780864826.796854,20260607_204025
106,21.53104,0.442336,21.973376000000002,gate_1pct,1% debug,dynamic,1780864826.796854,20260607_204025
107,21.45216,0.44172,21.89388,gate_1pct,1% debug,dynamic,1780864826.796854,20260607_204025
108,21.58124,0.440488,22.021728,gate_1pct,1% debug,dynamic,1780864826.796854,20260607_204025
109,21.566448,0.441104,22.007552,gate_1pct,1% debug,dynamic,1780864826.796854,20260607_204025
110,21.630008,0.441104,22.071112,gate_1pct,1% debug,dynamic,1780864826.796854,20260607_204025
111,21.530192,0.441104,21.971296,gate_1pct,1% debug,dynamic,1780864826.796854,20260607_204025
112,21.635672,0.438616,22.074288,gate_1pct,1% debug,dynamic,1780864826.796854,20260607_204025
113,21.730568,0.440488,22.171056,gate_1pct,1% debug,dynamic,1780864826.796854,20260607_204025
114,21.790328,0.440488,22.230815999999997,gate_1pct,1% debug,dynamic,1780864826.796854,20260607_204025
115,21.572424,0.439872,22.012296000000003,gate_1pct,1% debug,dynamic,1780864826.796854,20260607_204025
116,21.767352,0.440488,22.207839999999997,gate_1pct,1% debug,dynamic,1780864826.796854,20260607_204025
117,21.877312,0.43864,22.315952,gate_1pct,1% debug,dynamic,1780864826.796854,20260607_204025
118,21.787768,0.439256,22.227024,gate_1pct,1% debug,dynamic,1780864826.796854,20260607_204025
119,21.757152,0.439872,22.197024000000003,gate_1pct,1% debug,dynamic,1780864826.796854,20260607_204025
120,21.89624,0.439256,22.335496,gate_1pct,1% debug,dynamic,1780864826.796854,20260607_204025
121,21.974024,0.436792,22.410816,gate_1pct,1% debug,dynamic,1780864826.796854,20260607_204025
122,21.776464,0.439872,22.216336000000002,gate_1pct,1% debug,dynamic,1780864826.796854,20260607_204025
123,21.865176,0.43864,22.303816,gate_1pct,1% debug,dynamic,1780864826.796854,20260607_204025
124,22.016992,0.436792,22.453784,gate_1pct,1% debug,dynamic,1780864826.796854,20260607_204025
125,22.065736,0.437408,22.503144000000002,gate_1pct,1% debug,dynamic,1780864826.796854,20260607_204025
126,21.92264,0.438024,22.360664,gate_1pct,1% debug,dynamic,1780864826.796854,20260607_204025
127,21.990688,0.439032,22.42972,gate_1pct,1% debug,dynamic,1780864826.796854,20260607_204025
128,22.160592,0.436176,22.596768,gate_1pct,1% debug,dynamic,1780864826.796854,20260607_204025
129,22.128584,0.438024,22.566608,gate_1pct,1% debug,dynamic,1780864826.796854,20260607_204025
130,21.948888,0.437408,22.386296,gate_1pct,1% debug,dynamic,1780864826.796854,20260607_204025
131,22.148424,0.436792,22.585216,gate_1pct,1% debug,dynamic,1780864826.796854,20260607_204025
132,22.295552,0.435536,22.731088,gate_1pct,1% debug,dynamic,1780864826.796854,20260607_204025
133,22.020256,0.437408,22.457664,gate_1pct,1% debug,dynamic,1780864826.796854,20260607_204025
134,22.174584,0.436792,22.611376,gate_1pct,1% debug,dynamic,1780864826.796854,20260607_204025
135,22.330344,0.436176,22.76652,gate_1pct,1% debug,dynamic,1780864826.796854,20260607_204025
136,22.288944,0.434328,22.723272,gate_1pct,1% debug,dynamic,1780864826.796854,20260607_204025
137,22.132408,0.436792,22.569200000000002,gate_1pct,1% debug,dynamic,1780864826.796854,20260607_204025
138,22.299744,0.43556,22.735304,gate_1pct,1% debug,dynamic,1780864826.796854,20260607_204025
139,22.405624,0.434944,22.840568,gate_1pct,1% debug,dynamic,1780864826.796854,20260607_204025
140,22.46732,0.434944,22.902264000000002,gate_1pct,1% debug,dynamic,1780864826.796854,20260607_204025
141,22.19704,0.434328,22.631368000000002,gate_1pct,1% debug,dynamic,1780864826.796854,20260607_204025
142,22.416832,0.434944,22.851776,gate_1pct,1% debug,dynamic,1780864826.796854,20260607_204025
143,22.527096,0.43556,22.962656,gate_1pct,1% debug,dynamic,1780864826.796854,20260607_204025
144,22.355616,0.433072,22.788688,gate_1pct,1% debug,dynamic,1780864826.796854,20260607_204025
145,22.369616,0.434328,22.803944,gate_1pct,1% debug,dynamic,1780864826.796854,20260607_204025
146,22.6948,0.434944,23.129744000000002,gate_1pct,1% debug,dynamic,1780864826.796854,20260607_204025
147,22.55032,0.433712,22.984032,gate_1pct,1% debug,dynamic,1780864826.796854,20260607_204025
148,22.351512,0.433712,22.785224,gate_1pct,1% debug,dynamic,1780864826.796854,20260607_204025
149,22.657824,0.43248,23.090304000000003,gate_1pct,1% debug,dynamic,1780864826.796854,20260607_204025
150,22.715272,0.433712,23.148984,gate_1pct,1% debug,dynamic,1780864826.796854,20260607_204025
151,22.421976,0.44272,22.864696000000002,gate_1pct,1% debug,dynamic,1780864826.796854,20260607_204025
152,22.503296,0.437088,22.940383999999998,gate_1pct,1% debug,dynamic,1780864826.796854,20260607_204025
153,22.853464,0.431864,23.285328,gate_1pct,1% debug,dynamic,1780864826.796854,20260607_204025
154,22.782784,0.431248,23.214032,gate_1pct,1% debug,dynamic,1780864826.796854,20260607_204025
155,22.452816,0.43248,22.885295999999997,gate_1pct,1% debug,dynamic,1780864826.796854,20260607_204025
156,22.823688,0.431864,23.255552,gate_1pct,1% debug,dynamic,1780864826.796854,20260607_204025
157,22.895344,0.431248,23.326592,gate_1pct,1% debug,dynamic,1780864826.796854,20260607_204025
158,22.697488,0.430632,23.12812,gate_1pct,1% debug,dynamic,1780864826.796854,20260607_204025
159,22.695616,0.431864,23.127480000000002,gate_1pct,1% debug,dynamic,1780864826.796854,20260607_204025
160,23.008328,0.431248,23.439576,gate_1pct,1% debug,dynamic,1780864826.796854,20260607_204025
161,22.879064,0.4294,23.308464,gate_1pct,1% debug,dynamic,1780864826.796854,20260607_204025
162,22.720512,0.430632,23.151144,gate_1pct,1% debug,dynamic,1780864826.796854,20260607_204025
163,22.98488,0.4294,23.41428,gate_1pct,1% debug,dynamic,1780864826.796854,20260607_204025
164,23.073976,0.43184,23.505816,gate_1pct,1% debug,dynamic,1780864826.796854,20260607_204025
165,22.766328,0.430632,23.19696,gate_1pct,1% debug,dynamic,1780864826.796854,20260607_204025
166,22.983192,0.430016,23.413207999999997,gate_1pct,1% debug,dynamic,1780864826.796854,20260607_204025
167,23.114656,0.4294,23.544056,gate_1pct,1% debug,dynamic,1780864826.796854,20260607_204025
168,22.957032,0.430016,23.387048,gate_1pct,1% debug,dynamic,1780864826.796854,20260607_204025
169,22.920024,0.430016,23.35004,gate_1pct,1% debug,dynamic,1780864826.796854,20260607_204025
170,23.22416,0.430016,23.654176,gate_1pct,1% debug,dynamic,1780864826.796854,20260607_204025
171,23.209392,0.4294,23.638792000000002,gate_1pct,1% debug,dynamic,1780864826.796854,20260607_204025
172,22.966752,0.428168,23.39492,gate_1pct,1% debug,dynamic,1780864826.796854,20260607_204025
173,23.21872,0.428784,23.647504,gate_1pct,1% debug,dynamic,1780864826.796854,20260607_204025
174,23.2628,0.42876,23.69156,gate_1pct,1% debug,dynamic,1780864826.796854,20260607_204025
175,23.034144,0.428168,23.462312,gate_1pct,1% debug,dynamic,1780864826.796854,20260607_204025
176,23.240656,0.427552,23.668208,gate_1pct,1% debug,dynamic,1780864826.796854,20260607_204025
177,23.3626,0.427552,23.790152,gate_1pct,1% debug,dynamic,1780864826.796854,20260607_204025
178,23.152176,0.428784,23.58096,gate_1pct,1% debug,dynamic,1780864826.796854,20260607_204025
179,23.20836,0.427552,23.635911999999998,gate_1pct,1% debug,dynamic,1780864826.796854,20260607_204025
180,23.46664,0.426936,23.893576000000003,gate_1pct,1% debug,dynamic,1780864826.796854,20260607_204025
181,23.48828,0.427552,23.915831999999998,gate_1pct,1% debug,dynamic,1780864826.796854,20260607_204025
182,23.123896,0.426912,23.550808,gate_1pct,1% debug,dynamic,1780864826.796854,20260607_204025
183,23.46712,0.425704,23.892824,gate_1pct,1% debug,dynamic,1780864826.796854,20260607_204025
184,23.534168,0.427552,23.96172,gate_1pct,1% debug,dynamic,1780864826.796854,20260607_204025
185,23.325736,0.42632,23.752056,gate_1pct,1% debug,dynamic,1780864826.796854,20260607_204025
186,23.467936,0.42632,23.894256000000002,gate_1pct,1% debug,dynamic,1780864826.796854,20260607_204025
187,23.658824,0.425088,24.083911999999998,gate_1pct,1% debug,dynamic,1780864826.796854,20260607_204025
188,23.331568,0.42632,23.757888,gate_1pct,1% debug,dynamic,1780864826.796854,20260607_204025
189,23.458904,0.425088,23.883992,gate_1pct,1% debug,dynamic,1780864826.796854,20260607_204025
190,23.741384,0.42568,24.167064,gate_1pct,1% debug,dynamic,1780864826.796854,20260607_204025
191,23.442424,0.42632,23.868744,gate_1pct,1% debug,dynamic,1780864826.796854,20260607_204025
192,23.4816,0.423856,23.905456,gate_1pct,1% debug,dynamic,1780864826.796854,20260607_204025
193,23.882352,0.425088,24.30744,gate_1pct,1% debug,dynamic,1780864826.796854,20260607_204025
194,23.670072,0.424472,24.094544000000003,gate_1pct,1% debug,dynamic,1780864826.796854,20260607_204025
195,23.304048,0.424472,23.728520000000003,gate_1pct,1% debug,dynamic,1780864826.796854,20260607_204025
196,23.91388,0.423856,24.337736,gate_1pct,1% debug,dynamic,1780864826.796854,20260607_204025
197,23.810216,0.424472,24.234688000000002,gate_1pct,1% debug,dynamic,1780864826.796854,20260607_204025
198,23.511104,0.425064,23.936168,gate_1pct,1% debug,dynamic,1780864826.796854,20260607_204025
199,23.89108,0.422624,24.313703999999998,gate_1pct,1% debug,dynamic,1780864826.796854,20260607_204025
200,23.845824,0.423856,24.26968,gate_1pct,1% debug,dynamic,1780864826.796854,20260607_204025
201,23.535448,0.424472,23.95992,gate_1pct,1% debug,dynamic,1780864826.796854,20260607_204025
202,23.962464,0.422624,24.385088,gate_1pct,1% debug,dynamic,1780864826.796854,20260607_204025
203,23.93244,0.422624,24.355064,gate_1pct,1% debug,dynamic,1780864826.796854,20260607_204025
204,23.723952,0.422624,24.146576,gate_1pct,1% debug,dynamic,1780864826.796854,20260607_204025
205,23.853592,0.423856,24.277448,gate_1pct,1% debug,dynamic,1780864826.796854,20260607_204025
206,24.079568,0.421984,24.501551999999997,gate_1pct,1% debug,dynamic,1780864826.796854,20260607_204025
207,23.74252,0.422624,24.165143999999998,gate_1pct,1% debug,dynamic,1780864826.796854,20260607_204025
208,23.93272,0.422008,24.354728,gate_1pct,1% debug,dynamic,1780864826.796854,20260607_204025
209,24.07536,0.421392,24.496752,gate_1pct,1% debug,dynamic,1780864826.796854,20260607_204025
210,23.834168,0.421392,24.25556,gate_1pct,1% debug,dynamic,1780864826.796854,20260607_204025
211,23.984584,0.422624,24.407208,gate_1pct,1% debug,dynamic,1780864826.796854,20260607_204025
212,24.185696,0.420776,24.606472,gate_1pct,1% debug,dynamic,1780864826.796854,20260607_204025
213,23.881712,0.421368,24.30308,gate_1pct,1% debug,dynamic,1780864826.796854,20260607_204025
214,24.110736,0.42016,24.530896,gate_1pct,1% debug,dynamic,1780864826.796854,20260607_204025
215,24.201928,0.42016,24.622087999999998,gate_1pct,1% debug,dynamic,1780864826.796854,20260607_204025
216,23.973336,0.419544,24.392879999999998,gate_1pct,1% debug,dynamic,1780864826.796854,20260607_204025
217,24.17628,0.42016,24.596439999999998,gate_1pct,1% debug,dynamic,1780864826.796854,20260607_204025
218,24.268568,0.420776,24.689344,gate_1pct,1% debug,dynamic,1780864826.796854,20260607_204025
219,24.044504,0.420136,24.46464,gate_1pct,1% debug,dynamic,1780864826.796854,20260607_204025
220,24.24436,0.418312,24.662672,gate_1pct,1% debug,dynamic,1780864826.796854,20260607_204025
